{
    "Bleu": {
        "bleu": 0.0,
        "precisions": [
            0.0784313725490196,
            0.015503875968992248,
            0.0026402640264026403,
            0.0
        ],
        "brevity_penalty": 1.0,
        "length_ratio": 2.8850364963503647,
        "translation_length": 1581,
        "reference_length": 548
    },
    "meteor": {
        "meteor": 0.11652902214221296
    },
    "bertscore": {
        "precision": [
            -0.25736477971076965,
            -4.9349236488342285,
            0.20867618918418884,
            -4.9349236488342285,
            0.011899408884346485,
            -0.11133082956075668,
            0.06818971782922745,
            -4.9349236488342285,
            -0.10064477473497391,
            -4.9349236488342285,
            -4.9349236488342285,
            0.0904989019036293,
            -4.9349236488342285,
            0.2473589926958084,
            -4.9349236488342285,
            -0.04225991666316986,
            -0.1468748152256012,
            0.0882529467344284,
            -4.9349236488342285,
            -0.019531190395355225,
            -0.12035249173641205,
            0.18255466222763062,
            -0.12228431552648544,
            0.06625400483608246,
            0.012321786023676395,
            -0.0415506511926651,
            -0.10312632471323013,
            -0.08132407069206238,
            -4.9349236488342285,
            0.22159935534000397,
            -4.9349236488342285,
            -4.9349236488342285,
            0.16650329530239105,
            0.11514848470687866,
            -4.9349236488342285,
            0.04479452967643738,
            -4.9349236488342285,
            0.014846492558717728,
            0.23275800049304962,
            -4.9349236488342285,
            -4.9349236488342285,
            0.04545745626091957,
            -4.9349236488342285,
            -4.9349236488342285,
            -0.028278695419430733,
            -0.05008873715996742,
            0.15819938480854034,
            0.04149086773395538,
            0.32012835144996643,
            0.2705210745334625
        ],
        "recall": [
            -0.2268151342868805,
            -4.934510231018066,
            0.39827489852905273,
            -4.934510231018066,
            0.03035450167953968,
            -0.09696858376264572,
            0.5700628757476807,
            -4.934510231018066,
            0.07906093448400497,
            -4.934510231018066,
            -4.934510231018066,
            0.10488457977771759,
            -4.934510231018066,
            0.3165734112262726,
            -4.934510231018066,
            0.01861722022294998,
            0.13899599015712738,
            0.12594497203826904,
            -4.934510231018066,
            0.302132248878479,
            0.05815228447318077,
            0.19678181409835815,
            0.03565753996372223,
            0.5118561387062073,
            0.29512709379196167,
            0.3956594467163086,
            0.09606233984231949,
            0.27652332186698914,
            -4.934510231018066,
            0.20068126916885376,
            -4.934510231018066,
            -4.934510231018066,
            0.27124786376953125,
            0.11913260072469711,
            -4.934510231018066,
            0.1549878716468811,
            -4.934510231018066,
            0.22127652168273926,
            0.33906567096710205,
            -4.934510231018066,
            -4.934510231018066,
            0.3126276135444641,
            -4.934510231018066,
            -4.934510231018066,
            -0.03392428904771805,
            0.08291015774011612,
            0.23464235663414001,
            0.10421498119831085,
            0.16886766254901886,
            0.39115476608276367
        ],
        "f1": [
            -0.24012082815170288,
            -4.925074577331543,
            0.30289819836616516,
            -4.925074577331543,
            0.022700898349285126,
            -0.10236576199531555,
            0.30827754735946655,
            -4.925074577331543,
            -0.010782388038933277,
            -4.925074577331543,
            -4.925074577331543,
            0.0991477519273758,
            -4.925074577331543,
            0.2829049825668335,
            -4.925074577331543,
            -0.010363890789449215,
            -0.006437789648771286,
            0.10848040878772736,
            -4.925074577331543,
            0.13761520385742188,
            -0.031042231246829033,
            0.19097551703453064,
            -0.042887281626462936,
            0.2807326912879944,
            0.1511826366186142,
            0.16906817257404327,
            -0.0039052648935467005,
            0.09272302687168121,
            -4.925074577331543,
            0.2124004364013672,
            -4.925074577331543,
            -4.925074577331543,
            0.2196158915758133,
            0.1185741275548935,
            -4.925074577331543,
            0.1007542833685875,
            -4.925074577331543,
            0.11739421635866165,
            0.28653407096862793,
            -4.925074577331543,
            -4.925074577331543,
            0.17689847946166992,
            -4.925074577331543,
            -4.925074577331543,
            -0.029428280889987946,
            0.017120232805609703,
            0.1974443793296814,
            0.07416471838951111,
            0.24461939930915833,
            0.3312380313873291
        ],
        "hashcode": "roberta-large_L17_no-idf_version=0.3.12(hug_trans=4.49.0)-rescaled"
    },
    "rouge": {
        "rouge1": 0.10151961899712755,
        "rouge2": 0.019355077163956447,
        "rougeL": 0.07937559507666321,
        "rougeLsum": 0.07892663756704696
    },
    "google_bleu": {
        "google_bleu": 0.02197802197802198
    }
}