{
    "Bleu": {
        "bleu": 0.0,
        "precisions": [
            0.06342088404868675,
            0.004632693580410324,
            0.0006844626967830253,
            0.0
        ],
        "brevity_penalty": 1.0,
        "length_ratio": 2.8485401459854014,
        "translation_length": 1561,
        "reference_length": 548
    },
    "meteor": {
        "meteor": 0.09066082949849247
    },
    "bertscore": {
        "precision": [
            -0.3143855929374695,
            0.01023431308567524,
            -0.15317155420780182,
            0.02964664436876774,
            -0.05971884727478027,
            -0.23873424530029297,
            0.009188276715576649,
            -0.15531456470489502,
            -0.23211736977100372,
            -0.09033547341823578,
            0.022206947207450867,
            0.18014775216579437,
            -0.35134705901145935,
            0.1505439132452011,
            -0.14576227962970734,
            -0.02838163636624813,
            -0.18424203991889954,
            -0.020285382866859436,
            -0.10535246878862381,
            -0.09928885847330093,
            -0.25828027725219727,
            0.044049181044101715,
            0.08732753992080688,
            0.2457321137189865,
            -0.10542923212051392,
            -0.045571718364953995,
            -0.034515999257564545,
            -0.1014329344034195,
            -0.09646452963352203,
            0.35506460070610046,
            -0.1015542671084404,
            0.08355303853750229,
            -0.08345293253660202,
            -0.08948894590139389,
            0.05953843519091606,
            -0.27330225706100464,
            0.14683590829372406,
            -0.10549113899469376,
            -0.06786497682332993,
            -0.17989623546600342,
            -0.1987471580505371,
            0.17015574872493744,
            0.09766054898500443,
            0.2504047751426697,
            -0.04314464330673218,
            -0.15884922444820404,
            0.22919504344463348,
            0.14640645682811737,
            -0.07140989601612091,
            -0.08355657756328583
        ],
        "recall": [
            -0.18462324142456055,
            -0.04634496569633484,
            0.018248286098241806,
            -0.023343686014413834,
            0.028520794585347176,
            -0.17899373173713684,
            0.3523664176464081,
            0.07024576514959335,
            -0.05357721447944641,
            0.0021120882593095303,
            0.11846335232257843,
            0.2674941420555115,
            -0.1183352991938591,
            -0.043190453201532364,
            0.049158137291669846,
            0.03237568214535713,
            0.13878799974918365,
            0.01638415828347206,
            -0.06141610071063042,
            0.06008220463991165,
            -0.03644846752285957,
            0.0373539999127388,
            0.0807754322886467,
            0.36792391538619995,
            -0.03283906355500221,
            0.1820170134305954,
            0.010673632845282555,
            0.12591809034347534,
            0.08288044482469559,
            0.20320792496204376,
            -0.11496607959270477,
            0.17689119279384613,
            -0.07808465510606766,
            0.02797393687069416,
            0.2007555514574051,
            -0.029739730060100555,
            -0.05157725512981415,
            0.14220604300498962,
            0.07360932976007462,
            -0.010864290408790112,
            0.019065389409661293,
            0.2862217426300049,
            0.17045269906520844,
            0.0443340428173542,
            -0.09076496213674545,
            -0.015286551788449287,
            0.032213322818279266,
            0.17263977229595184,
            -0.09223257005214691,
            -0.10848549008369446
        ],
        "f1": [
            -0.24836786091327667,
            -0.016565416008234024,
            -0.06723038107156754,
            0.004627834539860487,
            -0.014341907575726509,
            -0.20708675682544708,
            0.1763697862625122,
            -0.043430447578430176,
            -0.14264635741710663,
            -0.04284914210438728,
            0.07138603925704956,
            0.22471484541893005,
            -0.2357119470834732,
            0.05333169549703598,
            -0.04853469505906105,
            0.0034334405791014433,
            -0.026360008865594864,
            -0.00038989080348983407,
            -0.08172238618135452,
            -0.0192324947565794,
            -0.14806032180786133,
            0.04225759580731392,
            0.08553759008646011,
            0.30724596977233887,
            -0.0676654800772667,
            0.06715798377990723,
            -0.010379429906606674,
            0.011245029978454113,
            -0.006781063042581081,
            0.27920031547546387,
            -0.1064687967300415,
            0.1312081515789032,
            -0.07901433855295181,
            -0.029782148078083992,
            0.1305805742740631,
            -0.152739018201828,
            0.04719974473118782,
            0.016866661608219147,
            0.003483942709863186,
            -0.09506943821907043,
            -0.09050869941711426,
            0.22879421710968018,
            0.1352045238018036,
            0.14666427671909332,
            -0.06533920019865036,
            -0.086359404027462,
            0.13020022213459015,
            0.16085503995418549,
            -0.08008653670549393,
            -0.09427305310964584
        ],
        "hashcode": "roberta-large_L17_no-idf_version=0.3.12(hug_trans=4.49.0)-rescaled"
    },
    "rouge": {
        "rouge1": 0.0990448247752655,
        "rouge2": 0.007985624438454625,
        "rougeL": 0.08677531854688844,
        "rougeLsum": 0.08690287139263175
    },
    "google_bleu": {
        "google_bleu": 0.017797737857618096
    }
}